,Optitype,HLA-HD,PHLAT,seq2HLA,arcasHLA,HLAscan,HLA*LA,kourami
Optitype,0,3.968941,2.992544,1.720183,1.081323,1.848261,2.360371,2.221933
HLA-HD,3.968941,0,2.471725,1.739265,1.169302,1.680842,1.650296,2.233633
PHLAT,2.992544,2.471725,0,1.46127,1.082129,1.25331,1.324915,1.890633
seq2HLA,1.720183,1.739265,1.46127,0,1.032983,1.079253,0.951322,1.651251
arcasHLA,1.081323,1.169302,1.082129,1.032983,0,1.00264,0.825915,1.49221
HLAscan,1.848261,1.680842,1.25331,1.079253,1.00264,0,0.978611,1.616456
HLA*LA,2.360371,1.650296,1.324915,0.951322,0.825915,0.978611,0,2.065249
kourami,2.221933,2.233633,1.890633,1.651251,1.49221,1.616456,2.065249,0
